[{"id":253451410,"title":"Blog Template","order":1,"templateKey":"blog","customTemplate":false,"customTemplateFilename":null,"pageLinks":[],"dateCreated":"2024-12-09T13:22:58.575Z","dateUpdated":"2024-12-09T13:23:01.227Z","folderId":null,"pageName":"Blog Template","serverPageId":null,"sectionCount":1,"status":2,"backwardUrl":null},{"id":92297694,"title":"Post Template","order":2,"templateKey":"post","customTemplate":false,"customTemplateFilename":null,"pageLinks":[],"dateCreated":"2024-12-09T13:22:58.760Z","dateUpdated":"2024-12-09T13:23:01.227Z","folderId":null,"pageName":"Post Template","serverPageId":null,"sectionCount":1,"status":2,"backwardUrl":null},{"id":2183219048,"title":"Product List Template","order":3,"templateKey":"products","customTemplate":false,"customTemplateFilename":null,"pageLinks":[],"dateCreated":"2024-12-09T13:22:58.999Z","dateUpdated":"2024-12-09T13:23:01.228Z","folderId":null,"pageName":"Product List Template","serverPageId":null,"sectionCount":1,"status":2,"backwardUrl":null},{"id":538626747,"title":"Product Details Template","order":4,"templateKey":"product","customTemplate":false,"customTemplateFilename":null,"pageLinks":[],"dateCreated":"2024-12-09T13:22:59.262Z","dateUpdated":"2024-12-09T13:23:01.228Z","folderId":null,"pageName":"Product Details Template","serverPageId":null,"sectionCount":1,"status":2,"backwardUrl":null},{"id":64847957,"title":"Shopping Cart Template","order":5,"templateKey":"cart","customTemplate":false,"customTemplateFilename":null,"pageLinks":[],"dateCreated":"2024-12-09T13:22:59.478Z","dateUpdated":"2024-12-09T13:23:01.228Z","folderId":null,"pageName":"Shopping Cart Template","serverPageId":null,"sectionCount":1,"status":2,"backwardUrl":null},{"id":67105645,"title":"Checkout Template","order":6,"templateKey":"checkout","customTemplate":false,"customTemplateFilename":null,"pageLinks":[],"dateCreated":"2024-12-09T13:22:59.879Z","dateUpdated":"2024-12-09T13:23:01.228Z","folderId":null,"pageName":"Checkout Template","serverPageId":null,"sectionCount":1,"status":2,"backwardUrl":null},{"id":67237757,"title":"Login Template","order":7,"templateKey":"login","customTemplate":false,"customTemplateFilename":null,"pageLinks":[],"dateCreated":"2024-12-09T13:23:00.085Z","dateUpdated":"2024-12-09T13:23:01.228Z","folderId":null,"pageName":"Login Template","serverPageId":null,"sectionCount":1,"status":2,"backwardUrl":null},{"id":311713304,"title":"Search Page Template","order":8,"templateKey":"Search","customTemplate":false,"customTemplateFilename":null,"pageLinks":[],"dateCreated":"2024-12-09T13:23:00.238Z","dateUpdated":"2024-12-09T13:23:01.229Z","folderId":null,"pageName":"Search Page Template","serverPageId":null,"sectionCount":1,"status":2,"backwardUrl":null},{"id":886530557,"title":"Page Password Template","order":9,"templateKey":"password","customTemplate":false,"customTemplateFilename":null,"pageLinks":[],"dateCreated":"2024-12-09T13:23:00.399Z","dateUpdated":"2024-12-09T13:23:01.229Z","folderId":null,"pageName":"Page Password Template","serverPageId":null,"sectionCount":1,"status":2,"backwardUrl":null},{"id":2735410630,"title":"404 Not Found Template","order":10,"templateKey":"404","customTemplate":false,"customTemplateFilename":null,"pageLinks":[],"dateCreated":"2024-12-09T13:23:00.525Z","dateUpdated":"2024-12-09T13:23:01.229Z","folderId":null,"pageName":"404 Not Found Template","serverPageId":null,"sectionCount":1,"status":2,"backwardUrl":null},{"id":2847715828,"title":"Thank You Page Template","order":11,"templateKey":"ThankYou","customTemplate":false,"customTemplateFilename":null,"pageLinks":[],"dateCreated":"2024-12-09T13:23:00.634Z","dateUpdated":"2024-12-09T13:23:01.229Z","folderId":null,"pageName":"Thank You Page Template","serverPageId":null,"sectionCount":1,"status":2,"backwardUrl":null},{"id":24069383,"title":"Acerca de","order":100,"templateKey":null,"customTemplate":false,"customTemplateFilename":null,"pageLinks":[],"dateCreated":"2024-12-09T13:23:00.726Z","dateUpdated":"2024-12-10T02:32:20.833Z","folderId":null,"pageName":"Acerca de_24069383","serverPageId":null,"sectionCount":1,"status":2,"backwardUrl":null},{"id":92926820,"title":"Contacto","order":101,"templateKey":null,"customTemplate":false,"customTemplateFilename":null,"pageLinks":[],"dateCreated":"2024-12-09T13:23:00.797Z","dateUpdated":"2024-12-09T13:23:01.230Z","folderId":null,"pageName":"Contacto_92926820","serverPageId":null,"sectionCount":1,"status":2,"backwardUrl":null}]
