[{"id":"user-image-57f86930da6e26055584096ee6597df4392b6346efe0971fd0f26df9462fba7884f0586d9da96403e698d323d2e81fe30f35e85c2b8b598fc4e85d_1280.jpg","publicUrl":"np://user.desktop.nicepage.com/Site_429205053/images/57f86930da6e26055584096ee6597df4392b6346efe0971fd0f26df9462fba7884f0586d9da96403e698d323d2e81fe30f35e85c2b8b598fc4e85d_1280.jpg","size":293381,"hash":"sdbqe3rsSRgDg2sPqB5HQro7goU=","fileName":"57f86930da6e26055584096ee6597df4392b6346efe0971fd0f26df9462fba7884f0586d9da96403e698d323d2e81fe30f35e85c2b8b598fc4e85d_1280.jpg","name":"57f86930da6e26055584096ee6597df4392b6346efe0971fd0f26df9462fba7884f0586d9da96403e698d323d2e81fe30f35e85c2b8b598fc4e85d_1280","width":1280,"height":854,"thumbnail":{"url":"np://user.desktop.nicepage.com/Site_429205053/images/thumbnails/57f86930da6e26055584096ee6597df4392b6346efe0971fd0f26df9462fba7884f0586d9da96403e698d323d2e81fe30f35e85c2b8b598fc4e85d_1280.jpg","width":250,"height":167},"folderId":null,"usages":[]},{"id":"user-image-e3a7b06f5cec097f3beac4cc103da6cb4e9fa1a4a197636868a2adb3b992ef0058b36d8725b064fbdc1b0fbf645958c84aeedff40785c222ffe5e6_1280.jpg","publicUrl":"np://user.desktop.nicepage.com/Site_429205053/images/e3a7b06f5cec097f3beac4cc103da6cb4e9fa1a4a197636868a2adb3b992ef0058b36d8725b064fbdc1b0fbf645958c84aeedff40785c222ffe5e6_1280.jpg","size":220477,"hash":"gHiDp9aOBR4/rNSJnExEQO52NJg=","fileName":"e3a7b06f5cec097f3beac4cc103da6cb4e9fa1a4a197636868a2adb3b992ef0058b36d8725b064fbdc1b0fbf645958c84aeedff40785c222ffe5e6_1280.jpg","name":"e3a7b06f5cec097f3beac4cc103da6cb4e9fa1a4a197636868a2adb3b992ef0058b36d8725b064fbdc1b0fbf645958c84aeedff40785c222ffe5e6_1280","width":1280,"height":720,"thumbnail":{"url":"np://user.desktop.nicepage.com/Site_429205053/images/thumbnails/e3a7b06f5cec097f3beac4cc103da6cb4e9fa1a4a197636868a2adb3b992ef0058b36d8725b064fbdc1b0fbf645958c84aeedff40785c222ffe5e6_1280.jpg","width":250,"height":141},"folderId":null,"usages":["762522954","204806457"]},{"id":"user-image-GwQKLgXN0vRoUeTFZVmQ==.jpeg","publicUrl":"np://user.desktop.nicepage.com/Site_429205053/images/GwQKLgXN0vRoUeTFZVmQ==.jpeg","size":492562,"hash":"9zjDZSQ51NipqDc+zTCnILbRcYQ=","fileName":"GwQKLgXN0vRoUeTFZVmQ==.jpeg","name":"GwQKLgXN0vRoUeTFZVmQ==","width":1333,"height":1000,"thumbnail":{"url":"np://user.desktop.nicepage.com/Site_429205053/images/thumbnails/GwQKLgXN0vRoUeTFZVmQ==.jpeg","width":250,"height":188},"folderId":null,"usages":[]},{"id":"user-image-cvb.jpg","publicUrl":"np://user.desktop.nicepage.com/Site_429205053/images/cvb.jpg","size":336823,"hash":"1ib4NI0m8XJPTtxL00hTuAQspVA=","fileName":"cvb.jpg","name":"cvb","width":1200,"height":1200,"thumbnail":{"url":"np://user.desktop.nicepage.com/Site_429205053/images/thumbnails/cvb.jpg","width":250,"height":250},"folderId":null,"originalUrl":"//images01.nicepagecdn.com/c461c07a441a5d220e8feb1a/533bb9280d125b309a000741/cvb.jpg?version=","usages":["762522954"]},{"id":"user-image-cxc.jpg","publicUrl":"np://user.desktop.nicepage.com/Site_429205053/images/cxc.jpg","size":109015,"hash":"O2m6LIkYex18Yx/LLpRwP0f78kc=","fileName":"cxc.jpg","name":"cxc","width":800,"height":800,"thumbnail":{"url":"np://user.desktop.nicepage.com/Site_429205053/images/thumbnails/cxc.jpg","width":250,"height":250},"folderId":null,"originalUrl":"//images01.nicepagecdn.com/c461c07a441a5d220e8feb1a/9d4ca64cc3e75862bc42eb49/cxc.jpg","usages":[]},{"id":"user-image--min2.jpg","publicUrl":"np://user.desktop.nicepage.com/Site_429205053/images/-min2.jpg","size":99798,"hash":"nMCTKtJMCI8CcBbtRttVWpJ+YBQ=","fileName":"-min2.jpg","name":"-min2","width":1782,"height":1080,"thumbnail":{"url":"np://user.desktop.nicepage.com/Site_429205053/images/thumbnails/-min2.jpg","width":250,"height":152},"folderId":null,"originalUrl":"//images01.nicepagecdn.com/c461c07a441a5d220e8feb1a/0368ac4b59b75190a2cd6f0c/-min.jpg","usages":["762522954"]},{"id":"user-image--min1.jpg","publicUrl":"np://user.desktop.nicepage.com/Site_429205053/images/-min1.jpg","size":171346,"hash":"MhTqeTfwIj2vIHqXHtdFruBENsE=","fileName":"-min1.jpg","name":"-min1","width":1200,"height":881,"thumbnail":{"url":"np://user.desktop.nicepage.com/Site_429205053/images/thumbnails/-min1.jpg","width":250,"height":184},"folderId":null,"originalUrl":"//images02.nicepagecdn.com/c461c07a441a5d220e8feb1a/5914b5a84d835618bb9e374c/-min.jpg","usages":["762522954"]},{"id":"user-image--min.jpg","publicUrl":"np://user.desktop.nicepage.com/Site_429205053/images/-min.jpg","size":78794,"hash":"+XSoonrq8+Rv2wRFT2bltMMXb7Q=","fileName":"-min.jpg","name":"-min","width":1200,"height":1048,"thumbnail":{"url":"np://user.desktop.nicepage.com/Site_429205053/images/thumbnails/-min.jpg","width":250,"height":218},"folderId":null,"originalUrl":"//images01.nicepagecdn.com/c461c07a441a5d220e8feb1a/b766ccaa3ba558588f0ca034/-min.jpg","usages":["762522954"]},{"id":"user-image-swa-min.jpg","publicUrl":"np://user.desktop.nicepage.com/Site_429205053/images/swa-min.jpg","size":161702,"hash":"fBELYFmMxm8TzfrO0RyL/q4c9Pc=","fileName":"swa-min.jpg","name":"swa-min","width":1980,"height":792,"thumbnail":{"url":"np://user.desktop.nicepage.com/Site_429205053/images/thumbnails/swa-min.jpg","width":250,"height":100},"folderId":null,"originalUrl":"//images03.nicepagecdn.com/c461c07a441a5d220e8feb1a/bd42e19406b8580098a14e65/swa-min.jpg","usages":["762522954"]},{"id":"user-image-v.png","publicUrl":"np://user.desktop.nicepage.com/Site_429205053/images/v.png","size":7862,"hash":"mH4oalsLUfHIT3e/G91Ce68BXzs=","fileName":"v.png","name":"v","width":500,"height":375,"thumbnail":{"url":"np://user.desktop.nicepage.com/Site_429205053/images/thumbnails/v.png","width":250,"height":188},"folderId":null,"originalUrl":"//images03.nicepagecdn.com/c461c07a441a5d220e8feb1a/209c78aef762539f84873ece/v.png","usages":[]},{"id":"user-image-sa-min.jpg","publicUrl":"np://user.desktop.nicepage.com/Site_429205053/images/sa-min.jpg","size":137471,"hash":"oMoMyBocUWgizniX1/A6vaEVz2U=","fileName":"sa-min.jpg","name":"sa-min","width":1202,"height":800,"thumbnail":{"url":"np://user.desktop.nicepage.com/Site_429205053/images/thumbnails/sa-min.jpg","width":250,"height":166},"folderId":null,"originalUrl":"//images03.nicepagecdn.com/c461c07a441a5d220e8feb1a/911b1a591b4e596296b50eef/sa-min.jpg","usages":[]}]
