[{"id":50419087,"title":"Blog Template","order":1,"templateKey":"blog","customTemplate":false,"customTemplateFilename":null,"pageLinks":[],"dateCreated":"2024-12-10T02:32:38.682Z","dateUpdated":"2024-12-10T02:32:41.726Z","folderId":null,"pageName":"Blog Template","serverPageId":null,"sectionCount":1,"status":2,"backwardUrl":null},{"id":128675194,"title":"Post Template","order":2,"templateKey":"post","customTemplate":false,"customTemplateFilename":null,"pageLinks":[],"dateCreated":"2024-12-10T02:32:38.970Z","dateUpdated":"2024-12-10T02:32:41.727Z","folderId":null,"pageName":"Post Template","serverPageId":null,"sectionCount":1,"status":2,"backwardUrl":null},{"id":194928007,"title":"Product List Template","order":3,"templateKey":"products","customTemplate":false,"customTemplateFilename":null,"pageLinks":[],"dateCreated":"2024-12-10T02:32:39.291Z","dateUpdated":"2024-12-10T02:32:41.727Z","folderId":null,"pageName":"Product List Template","serverPageId":null,"sectionCount":1,"status":2,"backwardUrl":null},{"id":376820459,"title":"Product Details Template","order":4,"templateKey":"product","customTemplate":false,"customTemplateFilename":null,"pageLinks":[],"dateCreated":"2024-12-10T02:32:39.609Z","dateUpdated":"2024-12-10T02:32:41.727Z","folderId":null,"pageName":"Product Details Template","serverPageId":null,"sectionCount":1,"status":2,"backwardUrl":null},{"id":158139619,"title":"Shopping Cart Template","order":5,"templateKey":"cart","customTemplate":false,"customTemplateFilename":null,"pageLinks":[],"dateCreated":"2024-12-10T02:32:39.868Z","dateUpdated":"2024-12-10T02:32:41.728Z","folderId":null,"pageName":"Shopping Cart Template","serverPageId":null,"sectionCount":1,"status":2,"backwardUrl":null},{"id":15313463,"title":"Checkout Template","order":6,"templateKey":"checkout","customTemplate":false,"customTemplateFilename":null,"pageLinks":[],"dateCreated":"2024-12-10T02:32:40.211Z","dateUpdated":"2024-12-10T02:32:41.728Z","folderId":null,"pageName":"Checkout Template","serverPageId":null,"sectionCount":1,"status":2,"backwardUrl":null},{"id":76948500,"title":"Login Template","order":7,"templateKey":"login","customTemplate":false,"customTemplateFilename":null,"pageLinks":[],"dateCreated":"2024-12-10T02:32:40.416Z","dateUpdated":"2024-12-10T02:32:41.728Z","folderId":null,"pageName":"Login Template","serverPageId":null,"sectionCount":1,"status":2,"backwardUrl":null},{"id":198616294,"title":"Search Page Template","order":8,"templateKey":"Search","customTemplate":false,"customTemplateFilename":null,"pageLinks":[],"dateCreated":"2024-12-10T02:32:40.555Z","dateUpdated":"2024-12-10T02:32:41.729Z","folderId":null,"pageName":"Search Page Template","serverPageId":null,"sectionCount":1,"status":2,"backwardUrl":null},{"id":195962899,"title":"Page Password Template","order":9,"templateKey":"password","customTemplate":false,"customTemplateFilename":null,"pageLinks":[],"dateCreated":"2024-12-10T02:32:40.722Z","dateUpdated":"2024-12-10T02:32:41.729Z","folderId":null,"pageName":"Page Password Template","serverPageId":null,"sectionCount":1,"status":2,"backwardUrl":null},{"id":70738595,"title":"404 Not Found Template","order":10,"templateKey":"404","customTemplate":false,"customTemplateFilename":null,"pageLinks":[],"dateCreated":"2024-12-10T02:32:40.855Z","dateUpdated":"2024-12-10T02:32:41.730Z","folderId":null,"pageName":"404 Not Found Template","serverPageId":null,"sectionCount":1,"status":2,"backwardUrl":null},{"id":68102064,"title":"Thank You Page Template","order":11,"templateKey":"ThankYou","customTemplate":false,"customTemplateFilename":null,"pageLinks":[],"dateCreated":"2024-12-10T02:32:40.970Z","dateUpdated":"2024-12-10T02:32:41.730Z","folderId":null,"pageName":"Thank You Page Template","serverPageId":null,"sectionCount":1,"status":2,"backwardUrl":null},{"id":762522954,"title":"Casa","order":50,"templateKey":null,"customTemplate":false,"customTemplateFilename":null,"pageLinks":[],"dateCreated":"2024-12-10T02:33:21.396Z","dateUpdated":"2024-12-10T02:53:20.145Z","folderId":null,"pageName":"Casa_762522954","serverPageId":null,"sectionCount":7,"status":2,"backwardUrl":null},{"id":2471102218,"title":"Nosotros","order":100,"templateKey":null,"customTemplate":false,"customTemplateFilename":null,"pageLinks":[],"dateCreated":"2024-12-10T02:32:41.068Z","dateUpdated":"2024-12-10T02:54:17.262Z","folderId":null,"pageName":"Nosotros_2471102218","serverPageId":null,"sectionCount":1,"status":2,"backwardUrl":null},{"id":204806457,"title":"Contacto","order":101,"templateKey":null,"customTemplate":false,"customTemplateFilename":null,"pageLinks":[],"dateCreated":"2024-12-10T02:32:41.145Z","dateUpdated":"2024-12-10T02:51:32.244Z","folderId":null,"pageName":"Contacto_204806457","serverPageId":null,"sectionCount":3,"status":2,"backwardUrl":null}]
