[{"id":"user-image-photo-1610562275255-03b7fa0d4655.jpeg","publicUrl":"np://user.desktop.nicepage.com/Site_165742570/images/photo-1610562275255-03b7fa0d4655.jpeg","size":331227,"hash":"oR5wF1Hho9t+9wWwCEFRCVHOBTE=","fileName":"photo-1610562275255-03b7fa0d4655.jpeg","name":"photo-1610562275255-03b7fa0d4655","width":1080,"height":1346,"thumbnail":{"url":"np://user.desktop.nicepage.com/Site_165742570/images/thumbnails/photo-1610562275255-03b7fa0d4655.jpeg","width":201,"height":250},"folderId":null},{"id":"user-image-photo-1639610806434-ef56b7522338.jpeg","publicUrl":"np://user.desktop.nicepage.com/Site_165742570/images/photo-1639610806434-ef56b7522338.jpeg","size":196769,"hash":"G0DFoCBtYuIW3zdUodpbt7YDY6I=","fileName":"photo-1639610806434-ef56b7522338.jpeg","name":"photo-1639610806434-ef56b7522338","width":1080,"height":1620,"thumbnail":{"url":"np://user.desktop.nicepage.com/Site_165742570/images/thumbnails/photo-1639610806434-ef56b7522338.jpeg","width":167,"height":250},"folderId":null}]
