[{"id":15847627,"title":"Blog Template","order":1,"templateKey":"blog","customTemplate":false,"customTemplateFilename":null,"pageLinks":[],"dateCreated":"2024-12-11T12:07:31.259Z","dateUpdated":"2024-12-11T12:07:33.206Z","folderId":null,"pageName":"Blog Template","serverPageId":null,"sectionCount":1,"status":2,"backwardUrl":null},{"id":2382300233,"title":"Post Template","order":2,"templateKey":"post","customTemplate":false,"customTemplateFilename":null,"pageLinks":[],"dateCreated":"2024-12-11T12:07:31.474Z","dateUpdated":"2024-12-11T12:07:33.207Z","folderId":null,"pageName":"Post Template","serverPageId":null,"sectionCount":1,"status":2,"backwardUrl":null},{"id":84527364,"title":"Product List Template","order":3,"templateKey":"products","customTemplate":false,"customTemplateFilename":null,"pageLinks":[],"dateCreated":"2024-12-11T12:07:31.726Z","dateUpdated":"2024-12-11T12:07:33.207Z","folderId":null,"pageName":"Product List Template","serverPageId":null,"sectionCount":1,"status":2,"backwardUrl":null},{"id":208026005,"title":"Product Details Template","order":4,"templateKey":"product","customTemplate":false,"customTemplateFilename":null,"pageLinks":[],"dateCreated":"2024-12-11T12:07:31.964Z","dateUpdated":"2024-12-11T12:07:33.208Z","folderId":null,"pageName":"Product Details Template","serverPageId":null,"sectionCount":1,"status":2,"backwardUrl":null},{"id":89574995,"title":"Shopping Cart Template","order":5,"templateKey":"cart","customTemplate":false,"customTemplateFilename":null,"pageLinks":[],"dateCreated":"2024-12-11T12:07:32.141Z","dateUpdated":"2024-12-11T12:07:33.208Z","folderId":null,"pageName":"Shopping Cart Template","serverPageId":null,"sectionCount":1,"status":2,"backwardUrl":null},{"id":2790425914,"title":"Checkout Template","order":6,"templateKey":"checkout","customTemplate":false,"customTemplateFilename":null,"pageLinks":[],"dateCreated":"2024-12-11T12:07:32.352Z","dateUpdated":"2024-12-11T12:07:33.208Z","folderId":null,"pageName":"Checkout Template","serverPageId":null,"sectionCount":1,"status":2,"backwardUrl":null},{"id":74126333,"title":"Login Template","order":7,"templateKey":"login","customTemplate":false,"customTemplateFilename":null,"pageLinks":[],"dateCreated":"2024-12-11T12:07:32.457Z","dateUpdated":"2024-12-11T12:07:33.208Z","folderId":null,"pageName":"Login Template","serverPageId":null,"sectionCount":1,"status":2,"backwardUrl":null},{"id":1364302147,"title":"Search Page Template","order":8,"templateKey":"Search","customTemplate":false,"customTemplateFilename":null,"pageLinks":[],"dateCreated":"2024-12-11T12:07:32.536Z","dateUpdated":"2024-12-11T12:07:33.209Z","folderId":null,"pageName":"Search Page Template","serverPageId":null,"sectionCount":1,"status":2,"backwardUrl":null},{"id":2954300410,"title":"Page Password Template","order":9,"templateKey":"password","customTemplate":false,"customTemplateFilename":null,"pageLinks":[],"dateCreated":"2024-12-11T12:07:32.638Z","dateUpdated":"2024-12-11T12:07:33.209Z","folderId":null,"pageName":"Page Password Template","serverPageId":null,"sectionCount":1,"status":2,"backwardUrl":null},{"id":29581741,"title":"404 Not Found Template","order":10,"templateKey":"404","customTemplate":false,"customTemplateFilename":null,"pageLinks":[],"dateCreated":"2024-12-11T12:07:32.713Z","dateUpdated":"2024-12-11T12:07:33.210Z","folderId":null,"pageName":"404 Not Found Template","serverPageId":null,"sectionCount":1,"status":2,"backwardUrl":null},{"id":76725702,"title":"Thank You Page Template","order":11,"templateKey":"ThankYou","customTemplate":false,"customTemplateFilename":null,"pageLinks":[],"dateCreated":"2024-12-11T12:07:32.799Z","dateUpdated":"2024-12-11T12:07:33.210Z","folderId":null,"pageName":"Thank You Page Template","serverPageId":null,"sectionCount":1,"status":2,"backwardUrl":null},{"id":222727410,"title":"Acerca de","order":100,"templateKey":null,"customTemplate":false,"customTemplateFilename":null,"pageLinks":[],"dateCreated":"2024-12-11T12:07:32.851Z","dateUpdated":"2024-12-11T12:07:33.210Z","folderId":null,"pageName":"Acerca de_222727410","serverPageId":null,"sectionCount":1,"status":2,"backwardUrl":null},{"id":21949013,"title":"Contacto","order":101,"templateKey":null,"customTemplate":false,"customTemplateFilename":null,"pageLinks":[],"dateCreated":"2024-12-11T12:07:32.891Z","dateUpdated":"2024-12-11T12:07:33.210Z","folderId":null,"pageName":"Contacto_21949013","serverPageId":null,"sectionCount":1,"status":2,"backwardUrl":null}]
